{"cameraMode":{"drawMode":0,"name":"Shaded","section":"Shading Mode"},"sceneLighting":true,"audioPlay":false,"sceneViewState":{"m_AlwaysRefresh":false,"showFog":true,"showSkybox":true,"showFlares":true,"showImageEffects":true,"showParticleSystems":true,"showVisualEffectGraphs":true,"m_FxEnabled":true},"in2DMode":false,"pivot":{"x":-0.5324897766113281,"y":2.1341733932495119,"z":-2.024775981903076},"rotation":{"x":-0.16865062713623048,"y":-0.02188415452837944,"z":0.0037459922023117544,"w":-0.9854349493980408},"size":5.417520999908447,"orthographic":true}